Year,Functionality,Count,Time in seconds
2008,Tournament Scrape,35,9.9322142
2008,Match Scrape,1307,50.776008999999995
2008,Player Scrape,646,29.908833700000002
