Year,Functionality,Count,Time in seconds
2008,Tournament Scrape,35,9.031925600000001
2008,Match Scrape,1307,50.7909954
2008,Player Scrape,649,24.027150999999996
