Year,Event,Functionality,Count,Time in seconds
2008,MS,Tournament Scrape,35,8.8742423
2008,MS,Match Scrape,1307,48.7534513
2008,MS,Player Scrape,649,19.524553200000007
2008,MS,Player Info Scrape,649,23.118315600000003
2008,WS,Tournament Scrape,35,11.577168700000001
2008,WS,Match Scrape,981,46.18065499999999
2008,WS,Player Scrape,402,13.506598800000006
2008,WS,Player Info Scrape,402,28.149850799999996
